datatype,numIpus,time
half4,1,0.0025486
half4,2,0.0032757
half4,4,0.003553
half4,8,0.0035564
half4,16,0.0035709
float2,1,0.0039535
float2,2,0.0046935
float2,4,0.0049619
float2,8,0.0049704
float2,16,0.0049852
float,1,0.0069243
float,2,0.0076643
float,4,0.0079326
float,8,0.0079412
float,16,0.007956